metaheuristica,instancia,familia,tier,bks,costo_antes,gap_antes_%,costo_nuevo_probado,costo_despues,gap_despues_%,mejoro,cruzo_a_<=1%
SA,gdb5,gdb,A(1-3%),377.0,381.0,1.061,383.0,381.0,1.061,False,False
SA,val1B,val,A(1-3%),247.0,252.0,2.024,256.0,252.0,2.024,False,False
SA,val1C,val,B(3-10%),319.0,343.0,7.524,351.0,343.0,7.524,False,False
SA,val2C,val,B(3-10%),528.0,554.0,4.924,552.0,552.0,4.545,True,False
SA,val3B,val,A(1-3%),111.0,113.0,1.802,113.0,113.0,1.802,False,False
SA,val3C,val,B(3-10%),162.0,172.0,6.173,167.0,167.0,3.086,True,False
SA,val4C,val,A(1-3%),550.0,560.0,1.818,566.0,560.0,1.818,False,False
SA,val4D,val,B(3-10%),650.0,674.0,3.692,676.0,674.0,3.692,False,False
SA,val5D,val,B(3-10%),718.0,749.0,4.318,750.0,749.0,4.318,False,False
SA,val6B,val,A(1-3%),340.0,346.0,1.765,340.0,340.0,0.0,True,True
SA,val6C,val,A(1-3%),424.0,434.0,2.358,434.0,434.0,2.358,False,False
SA,val7A,val,A(1-3%),382.0,386.0,1.047,382.0,382.0,0.0,True,True
SA,val7C,val,A(1-3%),437.0,448.0,2.517,461.0,448.0,2.517,False,False
SA,val8B,val,A(1-3%),531.0,537.0,1.13,539.0,537.0,1.13,False,False
SA,val8C,val,B(3-10%),657.0,691.0,5.175,695.0,691.0,5.175,False,False
SA,val9D,val,B(3-10%),515.0,538.0,4.466,534.0,534.0,3.689,True,False
SA,val10D,val,A(1-3%),734.0,755.0,2.861,749.0,749.0,2.044,True,False
SA,gdb8,gdb,A(1-3%),348.0,354.0,1.724,356.0,354.0,1.724,False,False
SA,gdb9,gdb,B(3-10%),303.0,317.0,4.62,311.0,311.0,2.64,True,False
SA,egl-e1-B,egl,A(1-3%),4498.0,4569.0,1.578,4543.0,4543.0,1.0,True,False
SA,egl-e1-C,egl,A(1-3%),5595.0,5745.0,2.681,5663.0,5663.0,1.215,True,False
SA,egl-e2-A,egl,A(1-3%),5018.0,5070.0,1.036,5160.0,5070.0,1.036,False,False
SA,egl-e2-B,egl,A(1-3%),6317.0,6485.0,2.659,6440.0,6440.0,1.947,True,False
SA,egl-e2-C,egl,B(3-10%),8335.0,8662.0,3.923,8480.0,8480.0,1.74,True,False
SA,egl-e3-A,egl,B(3-10%),5898.0,6099.0,3.408,6024.0,6024.0,2.136,True,False
SA,egl-e3-B,egl,B(3-10%),7744.0,8344.0,7.748,7987.0,7987.0,3.138,True,False
SA,egl-e3-C,egl,B(3-10%),10244.0,10839.0,5.808,10530.0,10530.0,2.792,True,False
SA,egl-e4-A,egl,B(3-10%),6408.0,6830.0,6.586,6641.0,6641.0,3.636,True,False
SA,egl-e4-B,egl,B(3-10%),8935.0,9764.0,9.278,9351.0,9351.0,4.656,True,False
SA,egl-e4-C,egl,C(10-25%),11512.0,12952.0,12.509,12585.0,12585.0,9.321,True,False
SA,egl-s1-A,egl,C(10-25%),5018.0,5919.0,17.955,5170.0,5170.0,3.029,True,False
SA,egl-s1-B,egl,C(10-25%),6388.0,7153.0,11.976,6586.0,6586.0,3.1,True,False
SA,egl-s1-C,egl,C(10-25%),8518.0,9534.0,11.928,8576.0,8576.0,0.681,True,True
SA,egl-s2-A,egl,D(>25%),9825.0,14093.0,43.44,10616.0,10616.0,8.051,True,False
SA,egl-s2-B,egl,D(>25%),13017.0,17809.0,36.813,14496.0,14496.0,11.362,True,False
SA,egl-s2-C,egl,D(>25%),16425.0,21219.0,29.187,17806.0,17806.0,8.408,True,False
SA,egl-s3-A,egl,D(>25%),10165.0,15302.0,50.536,11139.0,11139.0,9.582,True,False
SA,egl-s3-B,egl,D(>25%),13648.0,19125.0,40.13,14630.0,14630.0,7.195,True,False
SA,egl-s3-C,egl,D(>25%),17188.0,22176.0,29.02,18733.0,18733.0,8.989,True,False
SA,egl-s4-A,egl,D(>25%),12153.0,19215.0,58.109,13529.0,13529.0,11.322,True,False
SA,egl-s4-B,egl,D(>25%),16113.0,23504.0,45.87,18085.0,18085.0,12.239,True,False
SA,egl-s4-C,egl,D(>25%),20430.0,27901.0,36.569,24652.0,24652.0,20.666,True,False
TS,kshs4,kshs,B(3-10%),11498.0,11888.0,3.392,11498.0,11498.0,0.0,True,True
TS,gdb20,gdb,A(1-3%),121.0,124.0,2.479,121.0,121.0,0.0,True,True
TS,gdb3,gdb,A(1-3%),275.0,279.0,1.455,275.0,275.0,0.0,True,True
TS,gdb7,gdb,A(1-3%),325.0,329.0,1.231,325.0,325.0,0.0,True,True
TS,gdb10,gdb,B(3-10%),275.0,285.0,3.636,275.0,275.0,0.0,True,True
TS,gdb2,gdb,A(1-3%),339.0,347.0,2.36,339.0,339.0,0.0,True,True
TS,gdb5,gdb,A(1-3%),377.0,383.0,1.592,377.0,377.0,0.0,True,True
TS,gdb13,gdb,B(3-10%),536.0,576.0,7.463,540.0,540.0,0.746,True,True
TS,gdb16,gdb,B(3-10%),127.0,131.0,3.15,127.0,127.0,0.0,True,True
TS,gdb21,gdb,B(3-10%),156.0,163.0,4.487,156.0,156.0,0.0,True,True
TS,val1B,val,C(10-25%),247.0,279.0,12.955,252.0,252.0,2.024,True,False
TS,val1C,val,B(3-10%),319.0,348.0,9.091,333.0,333.0,4.389,True,False
TS,val2C,val,B(3-10%),528.0,548.0,3.788,533.0,533.0,0.947,True,True
TS,val3C,val,A(1-3%),162.0,166.0,2.469,164.0,164.0,1.235,True,False
TS,val4A,val,B(3-10%),522.0,563.0,7.854,552.0,552.0,5.747,True,False
TS,val4B,val,B(3-10%),534.0,580.0,8.614,572.0,572.0,7.116,True,False
TS,val4C,val,C(10-25%),550.0,641.0,16.545,614.0,614.0,11.636,True,False
TS,val4D,val,C(10-25%),650.0,717.0,10.308,718.0,717.0,10.308,False,False
TS,val5A,val,B(3-10%),566.0,599.0,5.83,586.0,586.0,3.534,True,False
TS,val5B,val,B(3-10%),589.0,635.0,7.81,616.0,616.0,4.584,True,False
TS,val5C,val,B(3-10%),617.0,669.0,8.428,658.0,658.0,6.645,True,False
TS,val5D,val,C(10-25%),718.0,797.0,11.003,775.0,775.0,7.939,True,False
TS,val6B,val,A(1-3%),340.0,348.0,2.353,342.0,342.0,0.588,True,True
TS,val6C,val,A(1-3%),424.0,436.0,2.83,436.0,436.0,2.83,False,False
TS,val7A,val,C(10-25%),382.0,427.0,11.78,396.0,396.0,3.665,True,False
TS,val7B,val,B(3-10%),386.0,419.0,8.549,417.0,417.0,8.031,True,False
TS,val7C,val,C(10-25%),437.0,511.0,16.934,489.0,489.0,11.899,True,False
TS,val8A,val,B(3-10%),522.0,545.0,4.406,542.0,542.0,3.831,True,False
TS,val8B,val,B(3-10%),531.0,563.0,6.026,569.0,563.0,6.026,False,False
TS,val8C,val,C(10-25%),657.0,774.0,17.808,726.0,726.0,10.502,True,False
TS,val9A,val,B(3-10%),450.0,485.0,7.778,489.0,485.0,7.778,False,False
TS,val9B,val,C(10-25%),453.0,500.0,10.375,487.0,487.0,7.506,True,False
TS,val9C,val,C(10-25%),459.0,513.0,11.765,497.0,497.0,8.279,True,False
TS,val9D,val,C(10-25%),515.0,584.0,13.398,574.0,574.0,11.456,True,False
TS,val10A,val,B(3-10%),637.0,668.0,4.867,678.0,668.0,4.867,False,False
TS,val10B,val,B(3-10%),645.0,694.0,7.597,684.0,684.0,6.047,True,False
TS,val10C,val,B(3-10%),655.0,709.0,8.244,689.0,689.0,5.191,True,False
TS,val10D,val,C(10-25%),734.0,826.0,12.534,799.0,799.0,8.856,True,False
TS,gdb8,gdb,A(1-3%),348.0,354.0,1.724,364.0,354.0,1.724,False,False
TS,gdb9,gdb,B(3-10%),303.0,321.0,5.941,314.0,314.0,3.63,True,False
TS,gdb11,gdb,A(1-3%),395.0,399.0,1.013,395.0,395.0,0.0,True,True
TS,gdb23,gdb,B(3-10%),233.0,243.0,4.292,237.0,237.0,1.717,True,False
TS,egl-e1-A,egl,B(3-10%),3548.0,3803.0,7.187,3676.0,3676.0,3.608,True,False
TS,egl-e1-B,egl,B(3-10%),4498.0,4673.0,3.891,4569.0,4569.0,1.578,True,False
TS,egl-e1-C,egl,B(3-10%),5595.0,5854.0,4.629,5739.0,5739.0,2.574,True,False
TS,egl-e2-A,egl,C(10-25%),5018.0,5879.0,17.158,5565.0,5565.0,10.901,True,False
TS,egl-e2-B,egl,C(10-25%),6317.0,7168.0,13.472,6730.0,6730.0,6.538,True,False
TS,egl-e2-C,egl,C(10-25%),8335.0,9418.0,12.993,9040.0,9040.0,8.458,True,False
TS,egl-e3-A,egl,D(>25%),5898.0,7483.0,26.874,6989.0,6989.0,18.498,True,False
TS,egl-e3-B,egl,C(10-25%),7744.0,9064.0,17.045,8873.0,8873.0,14.579,True,False
TS,egl-e3-C,egl,B(3-10%),10244.0,11103.0,8.385,11294.0,11103.0,8.385,False,False
TS,egl-e4-A,egl,C(10-25%),6408.0,7972.0,24.407,7506.0,7506.0,17.135,True,False
TS,egl-e4-B,egl,C(10-25%),8935.0,10817.0,21.063,10374.0,10374.0,16.105,True,False
TS,egl-e4-C,egl,D(>25%),11512.0,15817.0,37.396,15060.0,15060.0,30.82,True,False
TS,egl-s1-A,egl,C(10-25%),5018.0,6223.0,24.014,5838.0,5838.0,16.341,True,False
TS,egl-s1-B,egl,C(10-25%),6388.0,7232.0,13.212,7027.0,7027.0,10.003,True,False
TS,egl-s1-C,egl,C(10-25%),8518.0,10051.0,17.997,9945.0,9945.0,16.753,True,False
TS,egl-s2-A,egl,C(10-25%),9825.0,12211.0,24.285,11741.0,11741.0,19.501,True,False
TS,egl-s2-B,egl,D(>25%),13017.0,19576.0,50.388,18443.0,18443.0,41.684,True,False
TS,egl-s2-C,egl,C(10-25%),16425.0,20350.0,23.896,19724.0,19724.0,20.085,True,False
TS,egl-s3-A,egl,C(10-25%),10165.0,11897.0,17.039,11612.0,11612.0,14.235,True,False
TS,egl-s3-B,egl,C(10-25%),13648.0,16749.0,22.721,16042.0,16042.0,17.541,True,False
TS,egl-s3-C,egl,C(10-25%),17188.0,20887.0,21.521,20094.0,20094.0,16.907,True,False
TS,egl-s4-A,egl,D(>25%),12153.0,15674.0,28.972,14726.0,14726.0,21.172,True,False
TS,egl-s4-B,egl,D(>25%),16113.0,20765.0,28.871,19364.0,19364.0,20.176,True,False
TS,egl-s4-C,egl,D(>25%),20430.0,29338.0,43.603,28878.0,28878.0,41.351,True,False
RTS,kshs4,kshs,B(3-10%),11498.0,11909.0,3.575,11498.0,11498.0,0.0,True,True
RTS,gdb20,gdb,A(1-3%),121.0,124.0,2.479,121.0,121.0,0.0,True,True
RTS,gdb3,gdb,A(1-3%),275.0,279.0,1.455,275.0,275.0,0.0,True,True
RTS,gdb12,gdb,B(3-10%),458.0,484.0,5.677,456.0,456.0,-0.437,True,True
RTS,gdb2,gdb,A(1-3%),339.0,345.0,1.77,339.0,339.0,0.0,True,True
RTS,gdb13,gdb,B(3-10%),536.0,579.0,8.022,540.0,540.0,0.746,True,True
RTS,gdb21,gdb,B(3-10%),156.0,161.0,3.205,156.0,156.0,0.0,True,True
RTS,val1B,val,B(3-10%),247.0,259.0,4.858,257.0,257.0,4.049,True,False
RTS,val1C,val,B(3-10%),319.0,346.0,8.464,342.0,342.0,7.21,True,False
RTS,val2C,val,B(3-10%),528.0,558.0,5.682,542.0,542.0,2.652,True,False
RTS,val4A,val,A(1-3%),522.0,536.0,2.682,532.0,532.0,1.916,True,False
RTS,val4B,val,B(3-10%),534.0,551.0,3.184,548.0,548.0,2.622,True,False
RTS,val4C,val,B(3-10%),550.0,603.0,9.636,591.0,591.0,7.455,True,False
RTS,val4D,val,B(3-10%),650.0,713.0,9.692,705.0,705.0,8.462,True,False
RTS,val5A,val,A(1-3%),566.0,576.0,1.767,574.0,574.0,1.413,True,False
RTS,val5B,val,B(3-10%),589.0,608.0,3.226,604.0,604.0,2.547,True,False
RTS,val5C,val,B(3-10%),617.0,650.0,5.348,644.0,644.0,4.376,True,False
RTS,val5D,val,B(3-10%),718.0,786.0,9.471,776.0,776.0,8.078,True,False
RTS,val6B,val,A(1-3%),340.0,350.0,2.941,342.0,342.0,0.588,True,True
RTS,val6C,val,A(1-3%),424.0,434.0,2.358,432.0,432.0,1.887,True,False
RTS,val7A,val,B(3-10%),382.0,405.0,6.021,396.0,396.0,3.665,True,False
RTS,val7B,val,B(3-10%),386.0,405.0,4.922,400.0,400.0,3.627,True,False
RTS,val7C,val,B(3-10%),437.0,472.0,8.009,483.0,472.0,8.009,False,False
RTS,val8A,val,B(3-10%),522.0,541.0,3.64,530.0,530.0,1.533,True,False
RTS,val8B,val,B(3-10%),531.0,556.0,4.708,549.0,549.0,3.39,True,False
RTS,val8C,val,C(10-25%),657.0,749.0,14.003,725.0,725.0,10.35,True,False
RTS,val9A,val,B(3-10%),450.0,474.0,5.333,467.0,467.0,3.778,True,False
RTS,val9B,val,B(3-10%),453.0,479.0,5.74,473.0,473.0,4.415,True,False
RTS,val9C,val,B(3-10%),459.0,496.0,8.061,487.0,487.0,6.1,True,False
RTS,val9D,val,C(10-25%),515.0,587.0,13.981,570.0,570.0,10.68,True,False
RTS,val10A,val,B(3-10%),637.0,660.0,3.611,653.0,653.0,2.512,True,False
RTS,val10B,val,B(3-10%),645.0,671.0,4.031,658.0,658.0,2.016,True,False
RTS,val10C,val,B(3-10%),655.0,691.0,5.496,679.0,679.0,3.664,True,False
RTS,val10D,val,B(3-10%),734.0,800.0,8.992,792.0,792.0,7.902,True,False
RTS,gdb8,gdb,A(1-3%),348.0,354.0,1.724,358.0,354.0,1.724,False,False
RTS,gdb9,gdb,B(3-10%),303.0,323.0,6.601,314.0,314.0,3.63,True,False
RTS,gdb11,gdb,A(1-3%),395.0,399.0,1.013,399.0,399.0,1.013,False,False
RTS,gdb23,gdb,B(3-10%),233.0,245.0,5.15,239.0,239.0,2.575,True,False
RTS,egl-e1-A,egl,A(1-3%),3548.0,3588.0,1.127,3584.0,3584.0,1.015,True,False
RTS,egl-e1-B,egl,A(1-3%),4498.0,4553.0,1.223,4569.0,4553.0,1.223,False,False
RTS,egl-e1-C,egl,B(3-10%),5595.0,5982.0,6.917,5687.0,5687.0,1.644,True,False
RTS,egl-e2-A,egl,C(10-25%),5018.0,5568.0,10.961,5265.0,5265.0,4.922,True,False
RTS,egl-e2-B,egl,B(3-10%),6317.0,6865.0,8.675,6899.0,6865.0,8.675,False,False
RTS,egl-e2-C,egl,C(10-25%),8335.0,9521.0,14.229,9204.0,9204.0,10.426,True,False
RTS,egl-e3-A,egl,C(10-25%),5898.0,7095.0,20.295,6568.0,6568.0,11.36,True,False
RTS,egl-e3-B,egl,C(10-25%),7744.0,9229.0,19.176,8832.0,8832.0,14.05,True,False
RTS,egl-e3-C,egl,C(10-25%),10244.0,12116.0,18.274,11497.0,11497.0,12.232,True,False
RTS,egl-e4-A,egl,C(10-25%),6408.0,7428.0,15.918,7361.0,7361.0,14.872,True,False
RTS,egl-e4-B,egl,C(10-25%),8935.0,11105.0,24.287,10621.0,10621.0,18.87,True,False
RTS,egl-e4-C,egl,D(>25%),11512.0,16042.0,39.35,15266.0,15266.0,32.609,True,False
RTS,egl-s1-A,egl,C(10-25%),5018.0,5885.0,17.278,5567.0,5567.0,10.941,True,False
RTS,egl-s1-B,egl,C(10-25%),6388.0,7381.0,15.545,7112.0,7112.0,11.334,True,False
RTS,egl-s1-C,egl,D(>25%),8518.0,10827.0,27.107,10051.0,10051.0,17.997,True,False
RTS,egl-s2-A,egl,D(>25%),9825.0,13006.0,32.377,11662.0,11662.0,18.697,True,False
RTS,egl-s2-B,egl,D(>25%),13017.0,20825.0,59.983,19492.0,19492.0,49.743,True,False
RTS,egl-s2-C,egl,D(>25%),16425.0,23046.0,40.311,22252.0,22252.0,35.476,True,False
RTS,egl-s3-A,egl,C(10-25%),10165.0,12335.0,21.348,12035.0,12035.0,18.396,True,False
RTS,egl-s3-B,egl,D(>25%),13648.0,18077.0,32.452,17384.0,17384.0,27.374,True,False
RTS,egl-s3-C,egl,D(>25%),17188.0,23924.0,39.19,22728.0,22728.0,32.232,True,False
RTS,egl-s4-A,egl,D(>25%),12153.0,17040.0,40.212,15672.0,15672.0,28.956,True,False
RTS,egl-s4-B,egl,D(>25%),16113.0,23043.0,43.009,21940.0,21940.0,36.163,True,False
RTS,egl-s4-C,egl,D(>25%),20430.0,34410.0,68.429,32735.0,32735.0,60.23,True,False
ABC,kshs4,kshs,B(3-10%),11498.0,12095.0,5.192,11498.0,11498.0,0.0,True,True
ABC,kshs5,kshs,B(3-10%),10957.0,11297.0,3.103,10957.0,10957.0,0.0,True,True
ABC,gdb4,gdb,A(1-3%),287.0,292.0,1.742,287.0,287.0,0.0,True,True
ABC,gdb1,gdb,A(1-3%),316.0,323.0,2.215,316.0,316.0,0.0,True,True
ABC,gdb20,gdb,A(1-3%),121.0,123.0,1.653,123.0,123.0,1.653,False,False
ABC,gdb3,gdb,A(1-3%),275.0,283.0,2.909,275.0,275.0,0.0,True,True
ABC,gdb12,gdb,B(3-10%),458.0,488.0,6.55,472.0,472.0,3.057,True,False
ABC,gdb13,gdb,A(1-3%),536.0,552.0,2.985,544.0,544.0,1.493,True,False
ABC,gdb16,gdb,A(1-3%),127.0,129.0,1.575,127.0,127.0,0.0,True,True
ABC,gdb21,gdb,A(1-3%),156.0,159.0,1.923,158.0,158.0,1.282,True,False
ABC,val1B,val,B(3-10%),247.0,257.0,4.049,253.0,253.0,2.429,True,False
ABC,val1C,val,A(1-3%),319.0,324.0,1.567,328.0,324.0,1.567,False,False
ABC,val2B,val,A(1-3%),330.0,338.0,2.424,331.0,331.0,0.303,True,True
ABC,val2C,val,B(3-10%),528.0,558.0,5.682,550.0,550.0,4.167,True,False
ABC,val3C,val,B(3-10%),162.0,171.0,5.556,166.0,166.0,2.469,True,False
ABC,val4A,val,A(1-3%),522.0,534.0,2.299,544.0,534.0,2.299,False,False
ABC,val4B,val,B(3-10%),534.0,570.0,6.742,558.0,558.0,4.494,True,False
ABC,val4C,val,C(10-25%),550.0,615.0,11.818,594.0,594.0,8.0,True,False
ABC,val4D,val,C(10-25%),650.0,758.0,16.615,704.0,704.0,8.308,True,False
ABC,val5A,val,B(3-10%),566.0,598.0,5.654,580.0,580.0,2.473,True,False
ABC,val5B,val,B(3-10%),589.0,609.0,3.396,600.0,600.0,1.868,True,False
ABC,val5C,val,B(3-10%),617.0,643.0,4.214,636.0,636.0,3.079,True,False
ABC,val5D,val,C(10-25%),718.0,813.0,13.231,792.0,792.0,10.306,True,False
ABC,val6A,val,A(1-3%),330.0,334.0,1.212,332.0,332.0,0.606,True,True
ABC,val6B,val,A(1-3%),340.0,348.0,2.353,348.0,348.0,2.353,False,False
ABC,val6C,val,B(3-10%),424.0,449.0,5.896,434.0,434.0,2.358,True,False
ABC,val7A,val,B(3-10%),382.0,396.0,3.665,398.0,396.0,3.665,False,False
ABC,val7B,val,C(10-25%),386.0,426.0,10.363,405.0,405.0,4.922,True,False
ABC,val7C,val,C(10-25%),437.0,484.0,10.755,453.0,453.0,3.661,True,False
ABC,val8A,val,B(3-10%),522.0,556.0,6.513,531.0,531.0,1.724,True,False
ABC,val8B,val,C(10-25%),531.0,589.0,10.923,539.0,539.0,1.507,True,False
ABC,val8C,val,C(10-25%),657.0,759.0,15.525,709.0,709.0,7.915,True,False
ABC,val9A,val,B(3-10%),450.0,477.0,6.0,458.0,458.0,1.778,True,False
ABC,val9B,val,B(3-10%),453.0,494.0,9.051,470.0,470.0,3.753,True,False
ABC,val9C,val,B(3-10%),459.0,497.0,8.279,473.0,473.0,3.05,True,False
ABC,val9D,val,C(10-25%),515.0,629.0,22.136,562.0,562.0,9.126,True,False
ABC,val10A,val,B(3-10%),637.0,661.0,3.768,648.0,648.0,1.727,True,False
ABC,val10B,val,B(3-10%),645.0,678.0,5.116,668.0,668.0,3.566,True,False
ABC,val10C,val,B(3-10%),655.0,702.0,7.176,687.0,687.0,4.885,True,False
ABC,val10D,val,C(10-25%),734.0,831.0,13.215,783.0,783.0,6.676,True,False
ABC,gdb8,gdb,B(3-10%),348.0,364.0,4.598,358.0,358.0,2.874,True,False
ABC,gdb9,gdb,C(10-25%),303.0,342.0,12.871,321.0,321.0,5.941,True,False
ABC,gdb11,gdb,A(1-3%),395.0,399.0,1.013,410.0,399.0,1.013,False,False
ABC,gdb23,gdb,B(3-10%),233.0,243.0,4.292,238.0,238.0,2.146,True,False
ABC,egl-e1-A,egl,D(>25%),3548.0,4460.0,25.705,4323.0,4323.0,21.843,True,False
ABC,egl-e1-B,egl,D(>25%),4498.0,5743.0,27.679,5632.0,5632.0,25.211,True,False
ABC,egl-e1-C,egl,C(10-25%),5595.0,6967.0,24.522,7043.0,6967.0,24.522,False,False
ABC,egl-e2-A,egl,D(>25%),5018.0,6462.0,28.776,6510.0,6462.0,28.776,False,False
ABC,egl-e2-B,egl,D(>25%),6317.0,8679.0,37.391,8285.0,8285.0,31.154,True,False
ABC,egl-e2-C,egl,D(>25%),8335.0,11030.0,32.334,10285.0,10285.0,23.395,True,False
ABC,egl-e3-A,egl,D(>25%),5898.0,8453.0,43.32,6609.0,6609.0,12.055,True,False
ABC,egl-e3-B,egl,D(>25%),7744.0,10948.0,41.374,8625.0,8625.0,11.377,True,False
ABC,egl-e3-C,egl,D(>25%),10244.0,13937.0,36.05,11766.0,11766.0,14.857,True,False
ABC,egl-e4-A,egl,D(>25%),6408.0,8784.0,37.079,7254.0,7254.0,13.202,True,False
ABC,egl-e4-B,egl,D(>25%),8935.0,12741.0,42.597,9875.0,9875.0,10.52,True,False
ABC,egl-e4-C,egl,D(>25%),11512.0,15486.0,34.521,12728.0,12728.0,10.563,True,False
ABC,egl-s1-A,egl,D(>25%),5018.0,7545.0,50.359,7300.0,7300.0,45.476,True,False
ABC,egl-s1-B,egl,D(>25%),6388.0,8908.0,39.449,8867.0,8867.0,38.807,True,False
ABC,egl-s1-C,egl,D(>25%),8518.0,11507.0,35.09,11956.0,11507.0,35.09,False,False
ABC,egl-s2-A,egl,D(>25%),9825.0,16785.0,70.84,14775.0,14775.0,50.382,True,False
ABC,egl-s2-B,egl,D(>25%),13017.0,24608.0,89.045,19563.0,19563.0,50.288,True,False
ABC,egl-s2-C,egl,D(>25%),16425.0,28452.0,73.224,25365.0,25365.0,54.429,True,False
ABC,egl-s3-A,egl,D(>25%),10165.0,16422.0,61.554,14411.0,14411.0,41.771,True,False
ABC,egl-s3-B,egl,D(>25%),13648.0,24068.0,76.348,20683.0,20683.0,51.546,True,False
ABC,egl-s3-C,egl,D(>25%),17188.0,28451.0,65.528,26678.0,26678.0,55.213,True,False
ABC,egl-s4-A,egl,D(>25%),12153.0,23125.0,90.282,19745.0,19745.0,62.47,True,False
ABC,egl-s4-B,egl,D(>25%),16113.0,30812.0,91.224,26336.0,26336.0,63.446,True,False
ABC,egl-s4-C,egl,D(>25%),20430.0,34919.0,70.92,30489.0,30489.0,49.236,True,False
CS,kshs4,kshs,B(3-10%),11498.0,12304.0,7.01,12299.0,12299.0,6.966,True,False
CS,kshs5,kshs,C(10-25%),10957.0,12059.0,10.057,10957.0,10957.0,0.0,True,True
CS,kshs6,kshs,B(3-10%),10197.0,11177.0,9.611,10197.0,10197.0,0.0,True,True
CS,gdb4,gdb,C(10-25%),287.0,322.0,12.195,287.0,287.0,0.0,True,True
CS,gdb14,gdb,B(3-10%),100.0,110.0,10.0,100.0,100.0,0.0,True,True
CS,gdb1,gdb,B(3-10%),316.0,340.0,7.595,316.0,316.0,0.0,True,True
CS,gdb20,gdb,C(10-25%),121.0,136.0,12.397,123.0,123.0,1.653,True,False
CS,gdb3,gdb,B(3-10%),275.0,292.0,6.182,275.0,275.0,0.0,True,True
CS,gdb6,gdb,B(3-10%),298.0,315.0,5.705,298.0,298.0,0.0,True,True
CS,gdb7,gdb,A(1-3%),325.0,334.0,2.769,325.0,325.0,0.0,True,True
CS,gdb12,gdb,C(10-25%),458.0,538.0,17.467,460.0,460.0,0.437,True,True
CS,gdb10,gdb,C(10-25%),275.0,310.0,12.727,275.0,275.0,0.0,True,True
CS,gdb2,gdb,C(10-25%),339.0,389.0,14.749,339.0,339.0,0.0,True,True
CS,gdb5,gdb,B(3-10%),377.0,402.0,6.631,377.0,377.0,0.0,True,True
CS,gdb13,gdb,B(3-10%),536.0,580.0,8.209,548.0,548.0,2.239,True,False
CS,gdb16,gdb,B(3-10%),127.0,133.0,4.724,129.0,129.0,1.575,True,False
CS,gdb21,gdb,C(10-25%),156.0,182.0,16.667,158.0,158.0,1.282,True,False
CS,val1B,val,B(3-10%),247.0,270.0,9.312,260.0,260.0,5.263,True,False
CS,val1C,val,B(3-10%),319.0,338.0,5.956,328.0,328.0,2.821,True,False
CS,val2B,val,A(1-3%),330.0,339.0,2.727,336.0,336.0,1.818,True,False
CS,val2C,val,B(3-10%),528.0,560.0,6.061,556.0,556.0,5.303,True,False
CS,val3C,val,B(3-10%),162.0,167.0,3.086,167.0,167.0,3.086,False,False
CS,val4A,val,A(1-3%),522.0,530.0,1.533,530.0,530.0,1.533,False,False
CS,val4B,val,B(3-10%),534.0,560.0,4.869,558.0,558.0,4.494,True,False
CS,val4C,val,B(3-10%),550.0,602.0,9.455,597.0,597.0,8.545,True,False
CS,val4D,val,C(10-25%),650.0,720.0,10.769,696.0,696.0,7.077,True,False
CS,val5A,val,B(3-10%),566.0,588.0,3.887,579.0,579.0,2.297,True,False
CS,val5B,val,B(3-10%),589.0,613.0,4.075,593.0,593.0,0.679,True,True
CS,val5C,val,B(3-10%),617.0,645.0,4.538,641.0,641.0,3.89,True,False
CS,val5D,val,C(10-25%),718.0,801.0,11.56,772.0,772.0,7.521,True,False
CS,val6B,val,B(3-10%),340.0,356.0,4.706,356.0,356.0,4.706,False,False
CS,val6C,val,B(3-10%),424.0,442.0,4.245,436.0,436.0,2.83,True,False
CS,val7A,val,A(1-3%),382.0,393.0,2.88,393.0,393.0,2.88,False,False
CS,val7B,val,B(3-10%),386.0,407.0,5.44,400.0,400.0,3.627,True,False
CS,val7C,val,C(10-25%),437.0,488.0,11.67,473.0,473.0,8.238,True,False
CS,val8A,val,B(3-10%),522.0,546.0,4.598,530.0,530.0,1.533,True,False
CS,val8B,val,B(3-10%),531.0,547.0,3.013,546.0,546.0,2.825,True,False
CS,val8C,val,B(3-10%),657.0,716.0,8.98,716.0,716.0,8.98,False,False
CS,val9A,val,B(3-10%),450.0,483.0,7.333,480.0,480.0,6.667,True,False
CS,val9B,val,C(10-25%),453.0,504.0,11.258,475.0,475.0,4.857,True,False
CS,val9C,val,B(3-10%),459.0,503.0,9.586,493.0,493.0,7.407,True,False
CS,val9D,val,C(10-25%),515.0,574.0,11.456,553.0,553.0,7.379,True,False
CS,val10A,val,B(3-10%),637.0,659.0,3.454,651.0,651.0,2.198,True,False
CS,val10B,val,B(3-10%),645.0,667.0,3.411,655.0,655.0,1.55,True,False
CS,val10C,val,B(3-10%),655.0,694.0,5.954,687.0,687.0,4.885,True,False
CS,val10D,val,B(3-10%),734.0,798.0,8.719,788.0,788.0,7.357,True,False
CS,gdb8,gdb,B(3-10%),348.0,368.0,5.747,366.0,366.0,5.172,True,False
CS,gdb9,gdb,B(3-10%),303.0,320.0,5.611,320.0,320.0,5.611,False,False
CS,gdb11,gdb,B(3-10%),395.0,426.0,7.848,415.0,415.0,5.063,True,False
CS,gdb22,gdb,A(1-3%),200.0,204.0,2.0,202.0,202.0,1.0,True,True
CS,gdb23,gdb,B(3-10%),233.0,243.0,4.292,243.0,243.0,4.292,False,False
CS,egl-e1-A,egl,C(10-25%),3548.0,4035.0,13.726,3867.0,3867.0,8.991,True,False
CS,egl-e1-B,egl,B(3-10%),4498.0,4788.0,6.447,4691.0,4691.0,4.291,True,False
CS,egl-e1-C,egl,B(3-10%),5595.0,5793.0,3.539,5761.0,5761.0,2.967,True,False
CS,egl-e2-A,egl,B(3-10%),5018.0,5386.0,7.334,5367.0,5367.0,6.955,True,False
CS,egl-e2-B,egl,B(3-10%),6317.0,6800.0,7.646,6606.0,6606.0,4.575,True,False
CS,egl-e2-C,egl,B(3-10%),8335.0,8955.0,7.439,8671.0,8671.0,4.031,True,False
CS,egl-e3-A,egl,C(10-25%),5898.0,6670.0,13.089,6433.0,6433.0,9.071,True,False
CS,egl-e3-B,egl,B(3-10%),7744.0,8450.0,9.117,8287.0,8287.0,7.012,True,False
CS,egl-e3-C,egl,B(3-10%),10244.0,10924.0,6.638,10838.0,10838.0,5.799,True,False
CS,egl-e4-A,egl,C(10-25%),6408.0,7467.0,16.526,7023.0,7023.0,9.597,True,False
CS,egl-e4-B,egl,C(10-25%),8935.0,9843.0,10.162,9477.0,9477.0,6.066,True,False
CS,egl-e4-C,egl,B(3-10%),11512.0,12548.0,8.999,12457.0,12457.0,8.209,True,False
CS,egl-s1-A,egl,C(10-25%),5018.0,5672.0,13.033,5377.0,5377.0,7.154,True,False
CS,egl-s1-B,egl,B(3-10%),6388.0,6891.0,7.874,6813.0,6813.0,6.653,True,False
CS,egl-s1-C,egl,B(3-10%),8518.0,9265.0,8.77,9026.0,9026.0,5.964,True,False
CS,egl-s2-A,egl,C(10-25%),9825.0,12051.0,22.656,11267.0,11267.0,14.677,True,False
CS,egl-s2-B,egl,C(10-25%),13017.0,15462.0,18.783,15037.0,15037.0,15.518,True,False
CS,egl-s2-C,egl,C(10-25%),16425.0,18801.0,14.466,18163.0,18163.0,10.581,True,False
CS,egl-s3-A,egl,C(10-25%),10165.0,11776.0,15.848,11187.0,11187.0,10.054,True,False
CS,egl-s3-B,egl,C(10-25%),13648.0,15610.0,14.376,15019.0,15019.0,10.045,True,False
CS,egl-s3-C,egl,C(10-25%),17188.0,19888.0,15.709,18924.0,18924.0,10.1,True,False
CS,egl-s4-A,egl,C(10-25%),12153.0,14482.0,19.164,13718.0,13718.0,12.877,True,False
CS,egl-s4-B,egl,C(10-25%),16113.0,19100.0,18.538,18191.0,18191.0,12.896,True,False
CS,egl-s4-C,egl,C(10-25%),20430.0,23399.0,14.533,22534.0,22534.0,10.299,True,False
VDO,kshs4,kshs,C(10-25%),11498.0,12887.0,12.08,11498.0,11498.0,0.0,True,True
VDO,kshs5,kshs,B(3-10%),10957.0,11557.0,5.476,10957.0,10957.0,0.0,True,True
VDO,gdb14,gdb,A(1-3%),100.0,102.0,2.0,100.0,100.0,0.0,True,True
VDO,gdb1,gdb,A(1-3%),316.0,323.0,2.215,316.0,316.0,0.0,True,True
VDO,gdb20,gdb,B(3-10%),121.0,130.0,7.438,122.0,122.0,0.826,True,True
VDO,gdb3,gdb,B(3-10%),275.0,289.0,5.091,275.0,275.0,0.0,True,True
VDO,gdb6,gdb,A(1-3%),298.0,301.0,1.007,298.0,298.0,0.0,True,True
VDO,gdb7,gdb,A(1-3%),325.0,331.0,1.846,325.0,325.0,0.0,True,True
VDO,gdb12,gdb,B(3-10%),458.0,500.0,9.17,456.0,456.0,-0.437,True,True
VDO,gdb10,gdb,B(3-10%),275.0,292.0,6.182,275.0,275.0,0.0,True,True
VDO,gdb2,gdb,B(3-10%),339.0,356.0,5.015,345.0,345.0,1.77,True,False
VDO,gdb5,gdb,B(3-10%),377.0,393.0,4.244,377.0,377.0,0.0,True,True
VDO,gdb13,gdb,B(3-10%),536.0,579.0,8.022,540.0,540.0,0.746,True,True
VDO,gdb16,gdb,A(1-3%),127.0,129.0,1.575,127.0,127.0,0.0,True,True
VDO,gdb21,gdb,B(3-10%),156.0,166.0,6.41,160.0,160.0,2.564,True,False
VDO,val1A,val,B(3-10%),247.0,256.0,3.644,247.0,247.0,0.0,True,True
VDO,val1B,val,C(10-25%),247.0,293.0,18.623,251.0,251.0,1.619,True,False
VDO,val1C,val,C(10-25%),319.0,395.0,23.824,341.0,341.0,6.897,True,False
VDO,val2A,val,A(1-3%),298.0,305.0,2.349,298.0,298.0,0.0,True,True
VDO,val2B,val,B(3-10%),330.0,343.0,3.939,331.0,331.0,0.303,True,True
VDO,val2C,val,C(10-25%),528.0,597.0,13.068,536.0,536.0,1.515,True,False
VDO,val3A,val,A(1-3%),105.0,108.0,2.857,106.0,106.0,0.952,True,True
VDO,val3B,val,B(3-10%),111.0,116.0,4.505,113.0,113.0,1.802,True,False
VDO,val3C,val,C(10-25%),162.0,179.0,10.494,166.0,166.0,2.469,True,False
VDO,val4A,val,C(10-25%),522.0,625.0,19.732,540.0,540.0,3.448,True,False
VDO,val4B,val,C(10-25%),534.0,654.0,22.472,564.0,564.0,5.618,True,False
VDO,val4C,val,D(>25%),550.0,765.0,39.091,632.0,632.0,14.909,True,False
VDO,val4D,val,D(>25%),650.0,922.0,41.846,806.0,806.0,24.0,True,False
VDO,val5A,val,B(3-10%),566.0,594.0,4.947,585.0,585.0,3.357,True,False
VDO,val5B,val,C(10-25%),589.0,657.0,11.545,604.0,604.0,2.547,True,False
VDO,val5C,val,C(10-25%),617.0,711.0,15.235,664.0,664.0,7.618,True,False
VDO,val5D,val,C(10-25%),718.0,882.0,22.841,849.0,849.0,18.245,True,False
VDO,val6A,val,B(3-10%),330.0,346.0,4.848,332.0,332.0,0.606,True,True
VDO,val6B,val,B(3-10%),340.0,374.0,10.0,346.0,346.0,1.765,True,False
VDO,val6C,val,B(3-10%),424.0,452.0,6.604,453.0,452.0,6.604,False,False
VDO,val7A,val,C(10-25%),382.0,423.0,10.733,396.0,396.0,3.665,True,False
VDO,val7B,val,C(10-25%),386.0,459.0,18.912,413.0,413.0,6.995,True,False
VDO,val7C,val,D(>25%),437.0,645.0,47.597,591.0,591.0,35.24,True,False
VDO,val8A,val,B(3-10%),522.0,556.0,6.513,560.0,556.0,6.513,False,False
VDO,val8B,val,B(3-10%),531.0,579.0,9.04,593.0,579.0,9.04,False,False
VDO,val8C,val,C(10-25%),657.0,812.0,23.592,800.0,800.0,21.766,True,False
VDO,val9A,val,C(10-25%),450.0,521.0,15.778,511.0,511.0,13.556,True,False
VDO,val9B,val,D(>25%),453.0,947.0,109.051,542.0,542.0,19.647,True,False
VDO,val9C,val,D(>25%),459.0,977.0,112.854,544.0,544.0,18.519,True,False
VDO,val9D,val,D(>25%),515.0,960.0,86.408,725.0,725.0,40.777,True,False
VDO,val10A,val,C(10-25%),637.0,725.0,13.815,693.0,693.0,8.791,True,False
VDO,val10B,val,D(>25%),645.0,1236.0,91.628,733.0,733.0,13.643,True,False
VDO,val10C,val,D(>25%),655.0,975.0,48.855,777.0,777.0,18.626,True,False
VDO,val10D,val,C(10-25%),734.0,887.0,20.845,996.0,887.0,20.845,False,False
VDO,gdb8,gdb,C(10-25%),348.0,393.0,12.931,371.0,371.0,6.609,True,False
VDO,gdb9,gdb,C(10-25%),303.0,359.0,18.482,372.0,359.0,18.482,False,False
VDO,gdb11,gdb,B(3-10%),395.0,424.0,7.342,407.0,407.0,3.038,True,False
VDO,gdb18,gdb,A(1-3%),164.0,168.0,2.439,164.0,164.0,0.0,True,True
VDO,gdb22,gdb,A(1-3%),200.0,206.0,3.0,203.0,203.0,1.5,True,False
VDO,gdb23,gdb,B(3-10%),233.0,249.0,6.867,252.0,249.0,6.867,False,False
VDO,egl-e1-A,egl,D(>25%),3548.0,6104.0,72.041,7004.0,6104.0,72.041,False,False
VDO,egl-e1-B,egl,D(>25%),4498.0,7955.0,76.856,7377.0,7377.0,64.006,True,False
VDO,egl-e1-C,egl,D(>25%),5595.0,9292.0,66.077,8448.0,8448.0,50.992,True,False
VDO,egl-e2-A,egl,D(>25%),5018.0,9618.0,91.67,9630.0,9618.0,91.67,False,False
VDO,egl-e2-B,egl,D(>25%),6317.0,8903.0,40.937,11334.0,8903.0,40.937,False,False
VDO,egl-e2-C,egl,D(>25%),8335.0,11210.0,34.493,11210.0,11210.0,34.493,False,False
VDO,egl-e3-A,egl,D(>25%),5898.0,7567.0,28.298,10970.0,7567.0,28.298,False,False
VDO,egl-e3-B,egl,D(>25%),7744.0,10379.0,34.026,14108.0,10379.0,34.026,False,False
VDO,egl-e3-C,egl,D(>25%),10244.0,13388.0,30.691,13304.0,13304.0,29.871,True,False
VDO,egl-e4-A,egl,D(>25%),6408.0,9354.0,45.974,10460.0,9354.0,45.974,False,False
VDO,egl-e4-B,egl,D(>25%),8935.0,11287.0,26.323,15284.0,11287.0,26.323,False,False
VDO,egl-e4-C,egl,D(>25%),11512.0,14915.0,29.56,14915.0,14915.0,29.56,False,False
VDO,egl-s1-A,egl,D(>25%),5018.0,8038.0,60.183,9950.0,8038.0,60.183,False,False
VDO,egl-s1-B,egl,D(>25%),6388.0,10498.0,64.339,10500.0,10498.0,64.339,False,False
VDO,egl-s1-C,egl,D(>25%),8518.0,13505.0,58.547,13218.0,13218.0,55.177,True,False
VDO,egl-s2-A,egl,D(>25%),9825.0,16362.0,66.534,16362.0,16362.0,66.534,False,False
VDO,egl-s2-B,egl,D(>25%),13017.0,21478.0,65.0,21354.0,21354.0,64.047,True,False
VDO,egl-s2-C,egl,D(>25%),16425.0,27574.0,67.878,27311.0,27311.0,66.277,True,False
VDO,egl-s3-A,egl,D(>25%),10165.0,17862.0,75.721,17862.0,17862.0,75.721,False,False
VDO,egl-s3-B,egl,D(>25%),13648.0,24358.0,78.473,24312.0,24312.0,78.136,True,False
VDO,egl-s3-C,egl,D(>25%),17188.0,30598.0,78.02,30572.0,30572.0,77.868,True,False
VDO,egl-s4-A,egl,D(>25%),12153.0,22150.0,82.26,22150.0,22150.0,82.26,False,False
VDO,egl-s4-B,egl,D(>25%),16113.0,29241.0,81.475,29241.0,29241.0,81.475,False,False
VDO,egl-s4-C,egl,D(>25%),20430.0,36509.0,78.703,36137.0,36137.0,76.882,True,False
