metaheuristica,instancia,familia,gap_%,bks,costo_actual,tier
SA,gdb5,gdb,1.061,377,381,A(1-3%)
SA,val1B,val,2.024,247,252,A(1-3%)
SA,val1C,val,7.524,319,343,B(3-10%)
SA,val2C,val,4.924,528,554,B(3-10%)
SA,val3B,val,1.802,111,113,A(1-3%)
SA,val3C,val,6.173,162,172,B(3-10%)
SA,val4C,val,1.818,550,560,A(1-3%)
SA,val4D,val,3.692,650,674,B(3-10%)
SA,val5D,val,4.318,718,749,B(3-10%)
SA,val6B,val,1.765,340,346,A(1-3%)
SA,val6C,val,2.358,424,434,A(1-3%)
SA,val7A,val,1.047,382,386,A(1-3%)
SA,val7C,val,2.517,437,448,A(1-3%)
SA,val8B,val,1.13,531,537,A(1-3%)
SA,val8C,val,5.175,657,691,B(3-10%)
SA,val9D,val,4.466,515,538,B(3-10%)
SA,val10D,val,2.861,734,755,A(1-3%)
SA,gdb8,gdb,1.724,348,354,A(1-3%)
SA,gdb9,gdb,4.62,303,317,B(3-10%)
SA,egl-e1-B,egl,1.578,4498,4569,A(1-3%)
SA,egl-e1-C,egl,2.681,5595,5745,A(1-3%)
SA,egl-e2-A,egl,1.036,5018,5070,A(1-3%)
SA,egl-e2-B,egl,2.659,6317,6485,A(1-3%)
SA,egl-e2-C,egl,3.923,8335,8662,B(3-10%)
SA,egl-e3-A,egl,3.408,5898,6099,B(3-10%)
SA,egl-e3-B,egl,7.748,7744,8344,B(3-10%)
SA,egl-e3-C,egl,5.808,10244,10839,B(3-10%)
SA,egl-e4-A,egl,6.586,6408,6830,B(3-10%)
SA,egl-e4-B,egl,9.278,8935,9764,B(3-10%)
SA,egl-e4-C,egl,12.509,11512,12952,C(10-25%)
SA,egl-s1-A,egl,17.955,5018,5919,C(10-25%)
SA,egl-s1-B,egl,11.976,6388,7153,C(10-25%)
SA,egl-s1-C,egl,11.928,8518,9534,C(10-25%)
SA,egl-s2-A,egl,43.44,9825,14093,D(>25%)
SA,egl-s2-B,egl,36.813,13017,17809,D(>25%)
SA,egl-s2-C,egl,29.187,16425,21219,D(>25%)
SA,egl-s3-A,egl,50.536,10165,15302,D(>25%)
SA,egl-s3-B,egl,40.13,13648,19125,D(>25%)
SA,egl-s3-C,egl,29.02,17188,22176,D(>25%)
SA,egl-s4-A,egl,58.109,12153,19215,D(>25%)
SA,egl-s4-B,egl,45.87,16113,23504,D(>25%)
SA,egl-s4-C,egl,36.569,20430,27901,D(>25%)
TS,kshs4,kshs,3.392,11498,11888,B(3-10%)
TS,gdb20,gdb,2.479,121,124,A(1-3%)
TS,gdb3,gdb,1.455,275,279,A(1-3%)
TS,gdb7,gdb,1.231,325,329,A(1-3%)
TS,gdb10,gdb,3.636,275,285,B(3-10%)
TS,gdb2,gdb,2.36,339,347,A(1-3%)
TS,gdb5,gdb,1.592,377,383,A(1-3%)
TS,gdb13,gdb,7.463,536,576,B(3-10%)
TS,gdb16,gdb,3.15,127,131,B(3-10%)
TS,gdb21,gdb,4.487,156,163,B(3-10%)
TS,val1B,val,12.955,247,279,C(10-25%)
TS,val1C,val,9.091,319,348,B(3-10%)
TS,val2C,val,3.788,528,548,B(3-10%)
TS,val3C,val,2.469,162,166,A(1-3%)
TS,val4A,val,7.854,522,563,B(3-10%)
TS,val4B,val,8.614,534,580,B(3-10%)
TS,val4C,val,16.545,550,641,C(10-25%)
TS,val4D,val,10.308,650,717,C(10-25%)
TS,val5A,val,5.83,566,599,B(3-10%)
TS,val5B,val,7.81,589,635,B(3-10%)
TS,val5C,val,8.428,617,669,B(3-10%)
TS,val5D,val,11.003,718,797,C(10-25%)
TS,val6B,val,2.353,340,348,A(1-3%)
TS,val6C,val,2.83,424,436,A(1-3%)
TS,val7A,val,11.78,382,427,C(10-25%)
TS,val7B,val,8.549,386,419,B(3-10%)
TS,val7C,val,16.934,437,511,C(10-25%)
TS,val8A,val,4.406,522,545,B(3-10%)
TS,val8B,val,6.026,531,563,B(3-10%)
TS,val8C,val,17.808,657,774,C(10-25%)
TS,val9A,val,7.778,450,485,B(3-10%)
TS,val9B,val,10.375,453,500,C(10-25%)
TS,val9C,val,11.765,459,513,C(10-25%)
TS,val9D,val,13.398,515,584,C(10-25%)
TS,val10A,val,4.867,637,668,B(3-10%)
TS,val10B,val,7.597,645,694,B(3-10%)
TS,val10C,val,8.244,655,709,B(3-10%)
TS,val10D,val,12.534,734,826,C(10-25%)
TS,gdb8,gdb,1.724,348,354,A(1-3%)
TS,gdb9,gdb,5.941,303,321,B(3-10%)
TS,gdb11,gdb,1.013,395,399,A(1-3%)
TS,gdb23,gdb,4.292,233,243,B(3-10%)
TS,egl-e1-A,egl,7.187,3548,3803,B(3-10%)
TS,egl-e1-B,egl,3.891,4498,4673,B(3-10%)
TS,egl-e1-C,egl,4.629,5595,5854,B(3-10%)
TS,egl-e2-A,egl,17.158,5018,5879,C(10-25%)
TS,egl-e2-B,egl,13.472,6317,7168,C(10-25%)
TS,egl-e2-C,egl,12.993,8335,9418,C(10-25%)
TS,egl-e3-A,egl,26.874,5898,7483,D(>25%)
TS,egl-e3-B,egl,17.045,7744,9064,C(10-25%)
TS,egl-e3-C,egl,8.385,10244,11103,B(3-10%)
TS,egl-e4-A,egl,24.407,6408,7972,C(10-25%)
TS,egl-e4-B,egl,21.063,8935,10817,C(10-25%)
TS,egl-e4-C,egl,37.396,11512,15817,D(>25%)
TS,egl-s1-A,egl,24.014,5018,6223,C(10-25%)
TS,egl-s1-B,egl,13.212,6388,7232,C(10-25%)
TS,egl-s1-C,egl,17.997,8518,10051,C(10-25%)
TS,egl-s2-A,egl,24.285,9825,12211,C(10-25%)
TS,egl-s2-B,egl,50.388,13017,19576,D(>25%)
TS,egl-s2-C,egl,23.896,16425,20350,C(10-25%)
TS,egl-s3-A,egl,17.039,10165,11897,C(10-25%)
TS,egl-s3-B,egl,22.721,13648,16749,C(10-25%)
TS,egl-s3-C,egl,21.521,17188,20887,C(10-25%)
TS,egl-s4-A,egl,28.972,12153,15674,D(>25%)
TS,egl-s4-B,egl,28.871,16113,20765,D(>25%)
TS,egl-s4-C,egl,43.603,20430,29338,D(>25%)
RTS,kshs4,kshs,3.575,11498,11909,B(3-10%)
RTS,gdb20,gdb,2.479,121,124,A(1-3%)
RTS,gdb3,gdb,1.455,275,279,A(1-3%)
RTS,gdb12,gdb,5.677,458,484,B(3-10%)
RTS,gdb2,gdb,1.77,339,345,A(1-3%)
RTS,gdb13,gdb,8.022,536,579,B(3-10%)
RTS,gdb21,gdb,3.205,156,161,B(3-10%)
RTS,val1B,val,4.858,247,259,B(3-10%)
RTS,val1C,val,8.464,319,346,B(3-10%)
RTS,val2C,val,5.682,528,558,B(3-10%)
RTS,val4A,val,2.682,522,536,A(1-3%)
RTS,val4B,val,3.184,534,551,B(3-10%)
RTS,val4C,val,9.636,550,603,B(3-10%)
RTS,val4D,val,9.692,650,713,B(3-10%)
RTS,val5A,val,1.767,566,576,A(1-3%)
RTS,val5B,val,3.226,589,608,B(3-10%)
RTS,val5C,val,5.348,617,650,B(3-10%)
RTS,val5D,val,9.471,718,786,B(3-10%)
RTS,val6B,val,2.941,340,350,A(1-3%)
RTS,val6C,val,2.358,424,434,A(1-3%)
RTS,val7A,val,6.021,382,405,B(3-10%)
RTS,val7B,val,4.922,386,405,B(3-10%)
RTS,val7C,val,8.009,437,472,B(3-10%)
RTS,val8A,val,3.64,522,541,B(3-10%)
RTS,val8B,val,4.708,531,556,B(3-10%)
RTS,val8C,val,14.003,657,749,C(10-25%)
RTS,val9A,val,5.333,450,474,B(3-10%)
RTS,val9B,val,5.74,453,479,B(3-10%)
RTS,val9C,val,8.061,459,496,B(3-10%)
RTS,val9D,val,13.981,515,587,C(10-25%)
RTS,val10A,val,3.611,637,660,B(3-10%)
RTS,val10B,val,4.031,645,671,B(3-10%)
RTS,val10C,val,5.496,655,691,B(3-10%)
RTS,val10D,val,8.992,734,800,B(3-10%)
RTS,gdb8,gdb,1.724,348,354,A(1-3%)
RTS,gdb9,gdb,6.601,303,323,B(3-10%)
RTS,gdb11,gdb,1.013,395,399,A(1-3%)
RTS,gdb23,gdb,5.15,233,245,B(3-10%)
RTS,egl-e1-A,egl,1.127,3548,3588,A(1-3%)
RTS,egl-e1-B,egl,1.223,4498,4553,A(1-3%)
RTS,egl-e1-C,egl,6.917,5595,5982,B(3-10%)
RTS,egl-e2-A,egl,10.961,5018,5568,C(10-25%)
RTS,egl-e2-B,egl,8.675,6317,6865,B(3-10%)
RTS,egl-e2-C,egl,14.229,8335,9521,C(10-25%)
RTS,egl-e3-A,egl,20.295,5898,7095,C(10-25%)
RTS,egl-e3-B,egl,19.176,7744,9229,C(10-25%)
RTS,egl-e3-C,egl,18.274,10244,12116,C(10-25%)
RTS,egl-e4-A,egl,15.918,6408,7428,C(10-25%)
RTS,egl-e4-B,egl,24.287,8935,11105,C(10-25%)
RTS,egl-e4-C,egl,39.35,11512,16042,D(>25%)
RTS,egl-s1-A,egl,17.278,5018,5885,C(10-25%)
RTS,egl-s1-B,egl,15.545,6388,7381,C(10-25%)
RTS,egl-s1-C,egl,27.107,8518,10827,D(>25%)
RTS,egl-s2-A,egl,32.377,9825,13006,D(>25%)
RTS,egl-s2-B,egl,59.983,13017,20825,D(>25%)
RTS,egl-s2-C,egl,40.311,16425,23046,D(>25%)
RTS,egl-s3-A,egl,21.348,10165,12335,C(10-25%)
RTS,egl-s3-B,egl,32.452,13648,18077,D(>25%)
RTS,egl-s3-C,egl,39.19,17188,23924,D(>25%)
RTS,egl-s4-A,egl,40.212,12153,17040,D(>25%)
RTS,egl-s4-B,egl,43.009,16113,23043,D(>25%)
RTS,egl-s4-C,egl,68.429,20430,34410,D(>25%)
ABC,kshs4,kshs,5.192,11498,12095,B(3-10%)
ABC,kshs5,kshs,3.103,10957,11297,B(3-10%)
ABC,gdb4,gdb,1.742,287,292,A(1-3%)
ABC,gdb1,gdb,2.215,316,323,A(1-3%)
ABC,gdb20,gdb,1.653,121,123,A(1-3%)
ABC,gdb3,gdb,2.909,275,283,A(1-3%)
ABC,gdb12,gdb,6.55,458,488,B(3-10%)
ABC,gdb13,gdb,2.985,536,552,A(1-3%)
ABC,gdb16,gdb,1.575,127,129,A(1-3%)
ABC,gdb21,gdb,1.923,156,159,A(1-3%)
ABC,val1B,val,4.049,247,257,B(3-10%)
ABC,val1C,val,1.567,319,324,A(1-3%)
ABC,val2B,val,2.424,330,338,A(1-3%)
ABC,val2C,val,5.682,528,558,B(3-10%)
ABC,val3C,val,5.556,162,171,B(3-10%)
ABC,val4A,val,2.299,522,534,A(1-3%)
ABC,val4B,val,6.742,534,570,B(3-10%)
ABC,val4C,val,11.818,550,615,C(10-25%)
ABC,val4D,val,16.615,650,758,C(10-25%)
ABC,val5A,val,5.654,566,598,B(3-10%)
ABC,val5B,val,3.396,589,609,B(3-10%)
ABC,val5C,val,4.214,617,643,B(3-10%)
ABC,val5D,val,13.231,718,813,C(10-25%)
ABC,val6A,val,1.212,330,334,A(1-3%)
ABC,val6B,val,2.353,340,348,A(1-3%)
ABC,val6C,val,5.896,424,449,B(3-10%)
ABC,val7A,val,3.665,382,396,B(3-10%)
ABC,val7B,val,10.363,386,426,C(10-25%)
ABC,val7C,val,10.755,437,484,C(10-25%)
ABC,val8A,val,6.513,522,556,B(3-10%)
ABC,val8B,val,10.923,531,589,C(10-25%)
ABC,val8C,val,15.525,657,759,C(10-25%)
ABC,val9A,val,6,450,477,B(3-10%)
ABC,val9B,val,9.051,453,494,B(3-10%)
ABC,val9C,val,8.279,459,497,B(3-10%)
ABC,val9D,val,22.136,515,629,C(10-25%)
ABC,val10A,val,3.768,637,661,B(3-10%)
ABC,val10B,val,5.116,645,678,B(3-10%)
ABC,val10C,val,7.176,655,702,B(3-10%)
ABC,val10D,val,13.215,734,831,C(10-25%)
ABC,gdb8,gdb,4.598,348,364,B(3-10%)
ABC,gdb9,gdb,12.871,303,342,C(10-25%)
ABC,gdb11,gdb,1.013,395,399,A(1-3%)
ABC,gdb23,gdb,4.292,233,243,B(3-10%)
ABC,egl-e1-A,egl,25.705,3548,4460,D(>25%)
ABC,egl-e1-B,egl,27.679,4498,5743,D(>25%)
ABC,egl-e1-C,egl,24.522,5595,6967,C(10-25%)
ABC,egl-e2-A,egl,28.776,5018,6462,D(>25%)
ABC,egl-e2-B,egl,37.391,6317,8679,D(>25%)
ABC,egl-e2-C,egl,32.334,8335,11030,D(>25%)
ABC,egl-e3-A,egl,43.32,5898,8453,D(>25%)
ABC,egl-e3-B,egl,41.374,7744,10948,D(>25%)
ABC,egl-e3-C,egl,36.05,10244,13937,D(>25%)
ABC,egl-e4-A,egl,37.079,6408,8784,D(>25%)
ABC,egl-e4-B,egl,42.597,8935,12741,D(>25%)
ABC,egl-e4-C,egl,34.521,11512,15486,D(>25%)
ABC,egl-s1-A,egl,50.359,5018,7545,D(>25%)
ABC,egl-s1-B,egl,39.449,6388,8908,D(>25%)
ABC,egl-s1-C,egl,35.09,8518,11507,D(>25%)
ABC,egl-s2-A,egl,70.84,9825,16785,D(>25%)
ABC,egl-s2-B,egl,89.045,13017,24608,D(>25%)
ABC,egl-s2-C,egl,73.224,16425,28452,D(>25%)
ABC,egl-s3-A,egl,61.554,10165,16422,D(>25%)
ABC,egl-s3-B,egl,76.348,13648,24068,D(>25%)
ABC,egl-s3-C,egl,65.528,17188,28451,D(>25%)
ABC,egl-s4-A,egl,90.282,12153,23125,D(>25%)
ABC,egl-s4-B,egl,91.224,16113,30812,D(>25%)
ABC,egl-s4-C,egl,70.92,20430,34919,D(>25%)
CS,kshs4,kshs,7.01,11498,12304,B(3-10%)
CS,kshs5,kshs,10.057,10957,12059,C(10-25%)
CS,kshs6,kshs,9.611,10197,11177,B(3-10%)
CS,gdb4,gdb,12.195,287,322,C(10-25%)
CS,gdb14,gdb,10,100,110,B(3-10%)
CS,gdb1,gdb,7.595,316,340,B(3-10%)
CS,gdb20,gdb,12.397,121,136,C(10-25%)
CS,gdb3,gdb,6.182,275,292,B(3-10%)
CS,gdb6,gdb,5.705,298,315,B(3-10%)
CS,gdb7,gdb,2.769,325,334,A(1-3%)
CS,gdb12,gdb,17.467,458,538,C(10-25%)
CS,gdb10,gdb,12.727,275,310,C(10-25%)
CS,gdb2,gdb,14.749,339,389,C(10-25%)
CS,gdb5,gdb,6.631,377,402,B(3-10%)
CS,gdb13,gdb,8.209,536,580,B(3-10%)
CS,gdb16,gdb,4.724,127,133,B(3-10%)
CS,gdb21,gdb,16.667,156,182,C(10-25%)
CS,val1B,val,9.312,247,270,B(3-10%)
CS,val1C,val,5.956,319,338,B(3-10%)
CS,val2B,val,2.727,330,339,A(1-3%)
CS,val2C,val,6.061,528,560,B(3-10%)
CS,val3C,val,3.086,162,167,B(3-10%)
CS,val4A,val,1.533,522,530,A(1-3%)
CS,val4B,val,4.869,534,560,B(3-10%)
CS,val4C,val,9.455,550,602,B(3-10%)
CS,val4D,val,10.769,650,720,C(10-25%)
CS,val5A,val,3.887,566,588,B(3-10%)
CS,val5B,val,4.075,589,613,B(3-10%)
CS,val5C,val,4.538,617,645,B(3-10%)
CS,val5D,val,11.56,718,801,C(10-25%)
CS,val6B,val,4.706,340,356,B(3-10%)
CS,val6C,val,4.245,424,442,B(3-10%)
CS,val7A,val,2.88,382,393,A(1-3%)
CS,val7B,val,5.44,386,407,B(3-10%)
CS,val7C,val,11.67,437,488,C(10-25%)
CS,val8A,val,4.598,522,546,B(3-10%)
CS,val8B,val,3.013,531,547,B(3-10%)
CS,val8C,val,8.98,657,716,B(3-10%)
CS,val9A,val,7.333,450,483,B(3-10%)
CS,val9B,val,11.258,453,504,C(10-25%)
CS,val9C,val,9.586,459,503,B(3-10%)
CS,val9D,val,11.456,515,574,C(10-25%)
CS,val10A,val,3.454,637,659,B(3-10%)
CS,val10B,val,3.411,645,667,B(3-10%)
CS,val10C,val,5.954,655,694,B(3-10%)
CS,val10D,val,8.719,734,798,B(3-10%)
CS,gdb8,gdb,5.747,348,368,B(3-10%)
CS,gdb9,gdb,5.611,303,320,B(3-10%)
CS,gdb11,gdb,7.848,395,426,B(3-10%)
CS,gdb22,gdb,2,200,204,A(1-3%)
CS,gdb23,gdb,4.292,233,243,B(3-10%)
CS,egl-e1-A,egl,13.726,3548,4035,C(10-25%)
CS,egl-e1-B,egl,6.447,4498,4788,B(3-10%)
CS,egl-e1-C,egl,3.539,5595,5793,B(3-10%)
CS,egl-e2-A,egl,7.334,5018,5386,B(3-10%)
CS,egl-e2-B,egl,7.646,6317,6800,B(3-10%)
CS,egl-e2-C,egl,7.439,8335,8955,B(3-10%)
CS,egl-e3-A,egl,13.089,5898,6670,C(10-25%)
CS,egl-e3-B,egl,9.117,7744,8450,B(3-10%)
CS,egl-e3-C,egl,6.638,10244,10924,B(3-10%)
CS,egl-e4-A,egl,16.526,6408,7467,C(10-25%)
CS,egl-e4-B,egl,10.162,8935,9843,C(10-25%)
CS,egl-e4-C,egl,8.999,11512,12548,B(3-10%)
CS,egl-s1-A,egl,13.033,5018,5672,C(10-25%)
CS,egl-s1-B,egl,7.874,6388,6891,B(3-10%)
CS,egl-s1-C,egl,8.77,8518,9265,B(3-10%)
CS,egl-s2-A,egl,22.656,9825,12051,C(10-25%)
CS,egl-s2-B,egl,18.783,13017,15462,C(10-25%)
CS,egl-s2-C,egl,14.466,16425,18801,C(10-25%)
CS,egl-s3-A,egl,15.848,10165,11776,C(10-25%)
CS,egl-s3-B,egl,14.376,13648,15610,C(10-25%)
CS,egl-s3-C,egl,15.709,17188,19888,C(10-25%)
CS,egl-s4-A,egl,19.164,12153,14482,C(10-25%)
CS,egl-s4-B,egl,18.538,16113,19100,C(10-25%)
CS,egl-s4-C,egl,14.533,20430,23399,C(10-25%)
VDO,kshs4,kshs,12.08,11498,12887,C(10-25%)
VDO,kshs5,kshs,5.476,10957,11557,B(3-10%)
VDO,gdb14,gdb,2,100,102,A(1-3%)
VDO,gdb1,gdb,2.215,316,323,A(1-3%)
VDO,gdb20,gdb,7.438,121,130,B(3-10%)
VDO,gdb3,gdb,5.091,275,289,B(3-10%)
VDO,gdb6,gdb,1.007,298,301,A(1-3%)
VDO,gdb7,gdb,1.846,325,331,A(1-3%)
VDO,gdb12,gdb,9.17,458,500,B(3-10%)
VDO,gdb10,gdb,6.182,275,292,B(3-10%)
VDO,gdb2,gdb,5.015,339,356,B(3-10%)
VDO,gdb5,gdb,4.244,377,393,B(3-10%)
VDO,gdb13,gdb,8.022,536,579,B(3-10%)
VDO,gdb16,gdb,1.575,127,129,A(1-3%)
VDO,gdb21,gdb,6.41,156,166,B(3-10%)
VDO,val1A,val,3.644,247,256,B(3-10%)
VDO,val1B,val,18.623,247,293,C(10-25%)
VDO,val1C,val,23.824,319,395,C(10-25%)
VDO,val2A,val,2.349,298,305,A(1-3%)
VDO,val2B,val,3.939,330,343,B(3-10%)
VDO,val2C,val,13.068,528,597,C(10-25%)
VDO,val3A,val,2.857,105,108,A(1-3%)
VDO,val3B,val,4.505,111,116,B(3-10%)
VDO,val3C,val,10.494,162,179,C(10-25%)
VDO,val4A,val,19.732,522,625,C(10-25%)
VDO,val4B,val,22.472,534,654,C(10-25%)
VDO,val4C,val,39.091,550,765,D(>25%)
VDO,val4D,val,41.846,650,922,D(>25%)
VDO,val5A,val,4.947,566,594,B(3-10%)
VDO,val5B,val,11.545,589,657,C(10-25%)
VDO,val5C,val,15.235,617,711,C(10-25%)
VDO,val5D,val,22.841,718,882,C(10-25%)
VDO,val6A,val,4.848,330,346,B(3-10%)
VDO,val6B,val,10,340,374,B(3-10%)
VDO,val6C,val,6.604,424,452,B(3-10%)
VDO,val7A,val,10.733,382,423,C(10-25%)
VDO,val7B,val,18.912,386,459,C(10-25%)
VDO,val7C,val,47.597,437,645,D(>25%)
VDO,val8A,val,6.513,522,556,B(3-10%)
VDO,val8B,val,9.04,531,579,B(3-10%)
VDO,val8C,val,23.592,657,812,C(10-25%)
VDO,val9A,val,15.778,450,521,C(10-25%)
VDO,val9B,val,109.051,453,947,D(>25%)
VDO,val9C,val,112.854,459,977,D(>25%)
VDO,val9D,val,86.408,515,960,D(>25%)
VDO,val10A,val,13.815,637,725,C(10-25%)
VDO,val10B,val,91.628,645,1236,D(>25%)
VDO,val10C,val,48.855,655,975,D(>25%)
VDO,val10D,val,20.845,734,887,C(10-25%)
VDO,gdb8,gdb,12.931,348,393,C(10-25%)
VDO,gdb9,gdb,18.482,303,359,C(10-25%)
VDO,gdb11,gdb,7.342,395,424,B(3-10%)
VDO,gdb18,gdb,2.439,164,168,A(1-3%)
VDO,gdb22,gdb,3,200,206,A(1-3%)
VDO,gdb23,gdb,6.867,233,249,B(3-10%)
VDO,egl-e1-A,egl,72.041,3548,6104,D(>25%)
VDO,egl-e1-B,egl,76.856,4498,7955,D(>25%)
VDO,egl-e1-C,egl,66.077,5595,9292,D(>25%)
VDO,egl-e2-A,egl,91.67,5018,9618,D(>25%)
VDO,egl-e2-B,egl,40.937,6317,8903,D(>25%)
VDO,egl-e2-C,egl,34.493,8335,11210,D(>25%)
VDO,egl-e3-A,egl,28.298,5898,7567,D(>25%)
VDO,egl-e3-B,egl,34.026,7744,10379,D(>25%)
VDO,egl-e3-C,egl,30.691,10244,13388,D(>25%)
VDO,egl-e4-A,egl,45.974,6408,9354,D(>25%)
VDO,egl-e4-B,egl,26.323,8935,11287,D(>25%)
VDO,egl-e4-C,egl,29.56,11512,14915,D(>25%)
VDO,egl-s1-A,egl,60.183,5018,8038,D(>25%)
VDO,egl-s1-B,egl,64.339,6388,10498,D(>25%)
VDO,egl-s1-C,egl,58.547,8518,13505,D(>25%)
VDO,egl-s2-A,egl,66.534,9825,16362,D(>25%)
VDO,egl-s2-B,egl,65,13017,21478,D(>25%)
VDO,egl-s2-C,egl,67.878,16425,27574,D(>25%)
VDO,egl-s3-A,egl,75.721,10165,17862,D(>25%)
VDO,egl-s3-B,egl,78.473,13648,24358,D(>25%)
VDO,egl-s3-C,egl,78.02,17188,30598,D(>25%)
VDO,egl-s4-A,egl,82.26,12153,22150,D(>25%)
VDO,egl-s4-B,egl,81.475,16113,29241,D(>25%)
VDO,egl-s4-C,egl,78.703,20430,36509,D(>25%)
